Datetime,City,Latitude,Longitude,Temperature,Humidity %,Cloud Coverage %,Wind Speed
12/09/2017,Wewak,-3.55,143.63,82.06,88,80,2.75
12/09/2017,Port Alfred,-33.59,26.89,69.78,86,20,23.67
12/09/2017,Jamestown,42.1,-79.24,20.05,78,1,8.05
12/09/2017,Busselton,-33.65,115.33,79.32,70,68,3.87
12/09/2017,Thompson,55.74,-97.86,-4.01,83,75,2.24
12/09/2017,Nanortalik,60.14,-45.24,35.76,84,88,31.38
12/09/2017,Lumberton,34.62,-79.01,36.5,93,90,11.41
12/09/2017,Ushuaia,-54.8,-68.3,42.8,70,75,31.09
12/09/2017,Lukovetskiy,64.3,41.92,12.2,100,75,11.18
12/09/2017,Rikitea,-23.12,-134.97,75.31,100,92,12.1
12/09/2017,Punta Arenas,-53.15,-70.92,39.2,86,0,23.04
12/09/2017,Revelstoke,50.98,-118.2,28.4,74,90,1.7
12/09/2017,Leningradskiy,69.38,178.42,18.84,94,80,12.59
12/09/2017,Banda Aceh,5.56,95.32,76.98,100,76,1.86
12/09/2017,Hamilton,43.23,-79.95,30.22,46,90,16.11
12/09/2017,Luebo,-5.35,21.42,68.61,100,92,2.59
12/09/2017,San Quintin,30.48,-115.95,41.34,91,8,3.53
12/09/2017,Cambrai,50.17,3.23,29.64,86,0,9.17
12/09/2017,Aktau,43.65,51.2,33.8,64,40,11.18
12/09/2017,Comodoro Rivadavia,-45.87,-67.5,59.0,44,0,20.8
12/09/2017,Nhulunbuy,-12.23,136.77,89.6,55,0,10.29
12/09/2017,Vila Franca do Campo,37.72,-25.43,66.2,88,20,9.17
12/09/2017,Aswan,24.09,32.91,54.57,88,8,9.75
12/09/2017,New Norfolk,-42.78,147.06,66.2,39,75,24.16
12/09/2017,Eureka,40.8,-124.16,44.92,87,20,13.87
12/09/2017,Castro,-24.79,-50.01,60.96,96,92,6.4
12/09/2017,Tual,-5.67,132.75,84.81,100,0,5.06
12/09/2017,Atambua,-9.11,124.89,77.83,100,92,3.76
12/09/2017,Suntar,62.14,117.63,-19.19,56,68,4.72
12/09/2017,Albany,42.65,-73.76,28.36,54,75,2.53
12/09/2017,Oktyabrskoye,43.06,44.74,31.21,86,0,2.08
12/09/2017,Bluff,-46.6,168.33,61.41,99,48,17.4
12/09/2017,Namatanai,-3.67,152.43,79.59,100,64,3.98
12/09/2017,Avarua,-21.21,-159.78,75.2,94,90,1.12
12/09/2017,San Luis,-33.3,-66.34,63.16,37,0,5.1
12/09/2017,Esperance,-33.87,121.9,90.39,28,12,5.84
12/09/2017,Yarega,63.44,53.58,16.81,90,76,2.53
12/09/2017,Cape Town,-33.93,18.42,68.0,72,20,33.33
12/09/2017,Saposoa,-6.93,-76.77,72.03,92,0,1.36
12/09/2017,Ponta do Sol,32.67,-17.1,64.4,63,40,8.05
12/09/2017,Ayan,56.45,138.17,15.24,79,88,12.37
12/09/2017,Hermanus,-34.42,19.23,63.34,88,88,6.55
12/09/2017,Gamba,-2.65,10.0,75.54,96,80,4.5
12/09/2017,Talnakh,69.49,88.4,5.34,84,80,14.27
12/09/2017,Poum,-20.23,164.02,78.78,100,56,12.55
12/09/2017,Barrow,71.29,-156.79,-0.41,77,90,23.04
12/09/2017,Veinticinco de Mayo,-35.43,-60.17,69.01,70,0,10.31
12/09/2017,Laguna,38.42,-121.42,39.38,93,1,2.53
12/09/2017,Lazaro Cardenas,17.96,-102.2,69.15,100,0,2.82
12/09/2017,Tiksi,71.69,128.87,-11.59,76,56,2.86
12/09/2017,Ormara,25.21,64.64,70.59,80,0,3.71
12/09/2017,Dikson,73.51,80.55,-0.43,100,32,26.69
12/09/2017,Qaanaaq,77.48,-69.36,24.42,91,76,11.81
12/09/2017,Provideniya,64.38,-173.3,21.18,100,0,19.71
12/09/2017,Sitka,57.05,-135.33,47.57,93,90,8.05
12/09/2017,Havre,48.55,-109.68,32.0,62,1,17.22
12/09/2017,Lorengau,-2.02,147.27,86.0,74,75,9.17
12/09/2017,Upernavik,72.79,-56.15,33.33,82,80,14.45
12/09/2017,Sao Filipe,14.9,-24.5,76.35,97,76,14.61
12/09/2017,Saskylakh,71.92,114.08,-7.94,65,44,6.85
12/09/2017,Chokurdakh,70.63,147.92,-4.61,69,64,10.31
12/09/2017,Mamallapuram,12.63,80.17,89.6,52,0,3.36
12/09/2017,Tromso,69.65,18.96,26.6,68,0,1.97
12/09/2017,Sechura,-5.56,-80.82,67.98,89,48,10.42
12/09/2017,Vestmanna,62.16,-7.17,32.0,100,48,27.51
12/09/2017,Bambanglipuro,-7.95,110.28,86.52,72,36,6.06
12/09/2017,Hobart,-42.88,147.33,66.2,39,75,24.16
12/09/2017,Abha,18.22,42.51,57.2,44,0,4.7
12/09/2017,Westport,41.14,-73.36,35.13,50,90,3.36
12/09/2017,Wawa,9.9,4.42,60.91,78,0,2.82
12/09/2017,Cabrero,-37.03,-72.4,54.45,82,0,5.82
12/09/2017,Georgetown,6.8,-58.16,73.4,100,40,4.61
12/09/2017,Inuvik,68.35,-133.72,11.52,85,90,5.06
12/09/2017,Sur,22.57,59.53,71.49,100,0,15.05
12/09/2017,Waipawa,-41.41,175.52,69.8,73,12,19.46
12/09/2017,Vestmannaeyjar,63.44,-20.27,27.39,100,0,6.89
12/09/2017,Dalen,52.7,6.76,34.86,86,20,9.17
12/09/2017,Ask,60.07,11.03,33.69,73,48,6.73
12/09/2017,Ouadda,8.08,22.4,69.42,58,24,12.37
12/09/2017,Huarmey,-10.07,-78.15,56.59,88,12,1.81
12/09/2017,Gilgit,35.92,74.31,21.54,88,64,0.58
12/09/2017,Yellowknife,62.46,-114.35,10.4,85,90,9.17
12/09/2017,Butaritari,3.07,172.79,82.56,100,76,12.15
12/09/2017,Subate,56.01,25.91,33.69,98,68,12.1
12/09/2017,Anadyr,64.75,177.48,6.8,84,48,6.71
12/09/2017,La Ligua,-32.45,-71.23,50.0,93,0,4.21
12/09/2017,Broome,-17.97,122.23,91.4,66,32,17.22
12/09/2017,East London,-33.02,27.91,71.6,68,0,20.8
12/09/2017,Bethel,41.37,-73.41,33.21,50,90,3.36
12/09/2017,Clarence Town,-32.58,151.78,71.6,60,0,10.29
12/09/2017,Berlevag,70.86,29.09,24.64,100,80,18.59
12/09/2017,Inhambane,-23.86,35.38,77.0,69,75,4.7
12/09/2017,Cabo San Lucas,22.89,-109.91,64.4,48,5,14.99
12/09/2017,Kapaa,22.08,-159.32,70.21,100,90,5.82
12/09/2017,Ampanihy,-24.7,44.75,79.23,63,56,9.01
12/09/2017,Jiwani,25.05,61.74,67.98,67,0,8.9
12/09/2017,Musoma,-1.5,33.8,73.4,83,40,4.88
12/09/2017,Tasiilaq,65.61,-37.64,27.34,100,92,17.85
12/09/2017,Ust-Nera,64.57,143.2,-40.34,79,24,1.86
12/09/2017,Iroquois Falls,48.77,-80.68,5.0,71,90,3.36
12/09/2017,Araouane,18.9,-3.53,51.33,48,0,10.92
12/09/2017,Balikpapan,-1.27,116.83,86.0,79,20,3.36
12/09/2017,Valparaiso,-33.04,-71.63,50.0,93,0,3.04
12/09/2017,Hasaki,35.73,140.83,48.88,37,20,6.55
12/09/2017,Tura,25.52,90.22,72.39,83,12,2.86
12/09/2017,Frontera,18.58,-92.65,66.2,100,75,8.05
12/09/2017,Sayville,40.74,-73.08,35.82,51,90,6.62
12/09/2017,Cidreira,-30.18,-50.21,62.08,95,0,7.29
12/09/2017,Jaciara,-15.97,-54.97,73.78,93,20,2.75
12/09/2017,Ambilobe,-13.2,49.05,87.64,46,8,9.35
12/09/2017,Dudinka,69.41,86.18,9.61,77,80,19.15
12/09/2017,Sal Rei,16.18,-22.92,75.58,96,0,15.46
12/09/2017,Ilulissat,69.22,-51.1,37.4,47,92,18.34
12/09/2017,Sakhnovshchyna,49.15,35.87,33.33,97,88,7.85
12/09/2017,Lasa,46.62,10.7,24.22,79,20,5.82
12/09/2017,Matagami,49.75,-77.63,1.4,84,40,5.82
12/09/2017,Mount Gambier,-37.83,140.77,65.46,72,76,7.11
12/09/2017,Storebo,60.09,5.23,39.63,100,88,25.86
12/09/2017,Dingle,11.0,122.67,81.88,100,24,3.98
12/09/2017,Lazo,43.38,133.9,15.73,60,24,2.48
12/09/2017,Hambantota,6.12,81.12,79.99,100,24,2.04
12/09/2017,Ribeira Grande,38.52,-28.7,66.2,93,75,2.24
12/09/2017,Celestun,20.87,-90.4,72.39,100,100,28.66
12/09/2017,Morehead,37.27,-87.18,23.04,79,1,4.7
12/09/2017,Victoria,48.43,-123.37,36.32,100,1,1.86
12/09/2017,Bambous Virieux,-20.34,57.76,82.4,65,40,12.75
12/09/2017,Husavik,66.04,-17.34,12.2,78,0,2.24
12/09/2017,Vung Tau,10.35,107.08,87.8,55,75,4.7
12/09/2017,Wanlaweyn,2.62,44.89,79.63,51,0,10.87
12/09/2017,Codrington,-38.27,141.97,64.02,87,44,14.61
12/09/2017,Tuktoyaktuk,69.45,-133.04,6.8,84,90,18.34
12/09/2017,Temiscaming,46.72,-79.1,3.2,84,40,8.05
12/09/2017,Klaksvik,62.23,-6.59,32.0,100,48,27.51
12/09/2017,Chuy,-33.7,-53.46,66.0,88,76,11.65
12/09/2017,Basco,20.45,121.97,74.41,100,76,23.4
12/09/2017,Belyy Yar,53.6,91.39,8.6,84,75,3.09
12/09/2017,Fulton,38.85,-91.95,29.59,74,1,4.7
12/09/2017,Simbahan,6.3,120.58,85.8,100,0,4.88
12/09/2017,Manhuacu,-20.26,-42.03,63.34,97,64,3.98
12/09/2017,Kavieng,-2.57,150.8,79.32,100,92,4.99
12/09/2017,Vaini,-21.2,-175.2,75.2,88,40,20.6
12/09/2017,Jertih,5.73,102.49,77.0,94,90,9.17
12/09/2017,Puerto Ayora,-0.74,-90.35,71.13,100,0,7.74
12/09/2017,Khatanga,71.97,102.5,-21.58,32,0,9.08
12/09/2017,Los Llanos de Aridane,28.66,-17.92,64.4,68,40,9.17
12/09/2017,Geraldton,-28.77,114.6,89.6,38,8,12.75
12/09/2017,Irbeyskoye,55.64,95.45,10.96,84,36,3.04
12/09/2017,Margate,51.38,1.39,31.08,100,0,12.75
12/09/2017,Middle Island,40.88,-72.94,35.4,55,90,6.62
12/09/2017,Severo-Kurilsk,50.68,156.12,31.35,100,68,13.67
12/09/2017,Hithadhoo,-0.6,73.08,82.11,100,8,9.35
12/09/2017,Ambon,-3.7,128.18,91.4,63,40,10.29
12/09/2017,Atuona,-9.8,-139.03,79.54,100,68,16.62
12/09/2017,Birjand,32.87,59.22,42.8,22,0,4.7
12/09/2017,Jacareacanga,-6.22,-57.75,76.26,92,0,2.98
12/09/2017,Bay Roberts,47.6,-53.26,32.0,89,75,10.29
12/09/2017,Verkhoyansk,67.54,133.38,-45.7,0,20,2.08
12/09/2017,Khuzdar,27.74,66.64,56.55,34,0,3.49
12/09/2017,Kruisfontein,-34.0,24.73,65.59,92,92,21.72
12/09/2017,Hobyo,5.35,48.53,77.56,93,24,20.54
12/09/2017,Maridi,4.92,29.47,68.97,86,8,5.28
12/09/2017,Ozinki,51.2,49.73,19.92,89,48,9.08
12/09/2017,Hilo,19.73,-155.09,57.83,83,20,3.36
12/09/2017,Oranjemund,-28.55,16.43,62.31,96,88,21.83
12/09/2017,Bengkulu,-3.8,102.27,82.96,100,64,5.5
12/09/2017,Coahuayana,18.73,-103.68,74.59,100,0,2.82
12/09/2017,Knysna,-34.04,23.05,64.4,93,90,14.99
12/09/2017,Iquique,-20.22,-70.14,64.4,68,40,6.93
12/09/2017,Derzhavinsk,51.1,66.32,27.84,89,88,18.7
12/09/2017,Mondlo,-27.98,30.72,64.02,83,0,6.89
12/09/2017,Zonguldak,41.25,31.83,44.6,65,40,3.36
12/09/2017,Saint-Philippe,-21.36,55.77,80.35,54,36,9.17
12/09/2017,Port Blair,11.67,92.75,83.59,99,0,9.8
12/09/2017,Buenavista,8.98,125.41,86.61,78,8,7.78
12/09/2017,Flinders,-34.58,150.86,71.6,56,8,18.34
12/09/2017,Asau,46.43,26.4,32.0,74,8,11.41
12/09/2017,Zakamensk,50.37,103.29,18.88,71,68,3.09
12/09/2017,Puerto Ayacucho,5.66,-67.62,75.31,85,12,1.86
12/09/2017,Mugur-Aksy,50.35,90.5,4.21,61,0,2.04
12/09/2017,Parabel,58.7,81.48,15.33,82,64,4.83
12/09/2017,Weinan,34.5,109.51,43.09,69,36,4.54
12/09/2017,Bredasdorp,-34.53,20.04,69.8,73,56,17.22
12/09/2017,Palaikastron,35.2,26.25,60.73,100,48,7.9
12/09/2017,Yumen,40.28,97.2,27.84,53,0,5.77
12/09/2017,Aklavik,68.22,-135.01,15.8,85,90,9.8
12/09/2017,Salalah,17.02,54.09,73.4,38,0,19.46
12/09/2017,Richards Bay,-28.78,32.04,73.2,78,0,14.9
12/09/2017,Lagdo,9.05,13.73,71.6,40,0,9.17
12/09/2017,Owatonna,44.08,-93.23,28.99,74,90,19.46
12/09/2017,Hami,42.8,93.45,33.28,41,0,4.72
12/09/2017,Hofn,64.25,-15.21,28.83,100,0,3.76
12/09/2017,Khandyga,62.67,135.6,-40.03,0,20,2.59
12/09/2017,Luderitz,-26.65,15.16,69.8,73,32,9.17
12/09/2017,Tupik,54.43,119.93,-15.14,41,32,9.13
12/09/2017,Samarai,-10.62,150.67,84.27,100,44,11.03
12/09/2017,Roald,62.58,6.13,39.97,65,40,25.28
12/09/2017,Antalaha,-14.9,50.28,79.95,84,80,5.61
12/09/2017,Arraial do Cabo,-22.97,-42.03,70.36,100,100,11.1
12/09/2017,Ganzhou,28.82,115.43,50.74,48,0,4.05
12/09/2017,Masallatah,32.62,14.0,34.59,80,0,3.04
12/09/2017,Trelew,-43.25,-65.31,63.75,32,8,18.07
12/09/2017,Port Hedland,-20.32,118.57,93.2,56,12,21.92
12/09/2017,Faanui,-16.48,-151.75,83.41,96,92,12.59
12/09/2017,Bardiyah,31.76,25.09,54.34,100,0,4.09
12/09/2017,Sambava,-14.27,50.17,79.54,100,80,6.55
12/09/2017,Muros,42.78,-9.06,50.0,100,90,1.12
12/09/2017,Sao Felix do Xingu,-6.64,-51.99,73.69,99,20,2.08
12/09/2017,Elk City,35.41,-99.4,30.65,68,1,5.82
12/09/2017,Maceio,-9.67,-35.74,77.0,83,20,1.12
12/09/2017,Kraslava,55.9,27.17,34.99,95,88,11.03
12/09/2017,Fortuna,40.6,-124.16,45.16,87,20,13.87
12/09/2017,Belmonte,-15.86,-38.88,77.0,94,75,10.29
12/09/2017,Hovd,48.01,91.64,5.83,63,0,3.83
12/09/2017,Sioux Lookout,50.1,-91.92,-0.39,76,90,4.7
12/09/2017,Matamoros,25.53,-103.25,19.51,73,0,3.2
12/09/2017,Gewane,10.17,40.65,66.0,63,64,4.09
12/09/2017,Port-Gentil,-0.72,8.78,77.0,94,20,4.7
12/09/2017,Lavrentiya,65.58,-171.0,24.01,100,0,27.76
12/09/2017,Mahebourg,-20.41,57.7,82.4,65,40,12.75
12/09/2017,Vao,-22.67,167.48,76.35,100,76,9.24
12/09/2017,Kohlu,29.9,69.25,59.11,24,24,3.87
12/09/2017,Copiapo,-27.37,-70.33,59.0,82,0,4.7
12/09/2017,Fairbanks,64.84,-147.72,22.35,92,90,3.38
12/09/2017,Virginia Beach,36.85,-75.98,37.9,93,90,11.41
12/09/2017,Sattahip,12.67,100.9,84.2,62,20,6.93
12/09/2017,Dauriya,49.93,116.87,15.01,60,44,11.65
12/09/2017,Fort Nelson,58.81,-122.7,17.6,85,75,4.32
12/09/2017,Karatau,43.17,70.47,33.73,90,12,16.46
12/09/2017,Nyurba,63.28,118.33,-21.94,64,48,4.72
12/09/2017,Iqaluit,63.75,-68.51,21.2,92,75,2.24
12/09/2017,Kinablangan,7.69,126.55,82.83,100,8,3.87
12/09/2017,Gromiljak,43.97,18.05,37.4,100,75,2.24
12/09/2017,Tautira,-17.73,-149.15,82.4,65,20,11.41
12/09/2017,Diamantino,-14.41,-56.45,73.33,96,20,2.75
12/09/2017,Anuradhapura,8.36,80.42,83.1,87,0,2.98
12/09/2017,Solnechnyy,50.72,136.63,-14.96,66,64,3.04
12/09/2017,Klyuchi,52.27,79.17,11.19,77,44,3.83
12/09/2017,Lomza,53.18,22.06,31.39,96,88,13.27
12/09/2017,Cukai,4.25,103.42,82.4,74,75,9.17
12/09/2017,Conde,-7.26,-34.91,78.19,99,92,9.91
12/09/2017,Trenggalek,-8.05,111.72,85.26,68,24,4.5
12/09/2017,Ostrovnoy,68.05,39.51,10.29,92,56,13.78
12/09/2017,Wajima,37.4,136.9,37.4,100,75,8.05
12/09/2017,Tome,-36.62,-72.95,51.8,87,0,4.7
12/09/2017,Badulla,6.99,81.06,80.04,69,12,3.04
12/09/2017,Kaeo,-35.1,173.78,68.97,69,68,10.09
12/09/2017,Lebu,-37.62,-73.65,53.31,100,32,17.92
12/09/2017,Vizinga,61.07,50.1,14.11,85,56,2.98
12/09/2017,Ayagoz,47.97,80.44,27.66,50,32,4.38
12/09/2017,Tarakan,3.3,117.63,82.74,96,64,1.36
12/09/2017,Kodiak,57.79,-152.41,39.2,93,90,14.99
12/09/2017,Norsup,-16.07,167.38,82.51,92,56,4.83
12/09/2017,Banjar,-8.19,114.97,86.0,74,20,10.29
12/09/2017,Ust-Kut,56.79,105.77,-5.65,54,12,3.49
12/09/2017,Havre-Saint-Pierre,50.23,-63.6,19.4,92,20,6.93
12/09/2017,Ambanja,-13.68,48.45,84.2,74,40,4.7
12/09/2017,Harper,4.38,-7.72,79.09,100,88,8.52
12/09/2017,Mehamn,71.04,27.85,24.69,100,88,18.3
12/09/2017,Cherskiy,68.75,161.3,-2.99,76,68,3.2
12/09/2017,Verkhnevilyuysk,63.45,120.32,-24.19,36,36,4.88
12/09/2017,Rocha,-34.48,-54.33,66.81,73,100,0.85
12/09/2017,Deputatskiy,69.3,139.9,-18.29,76,64,2.75
12/09/2017,Astana,51.18,71.45,30.2,86,90,26.84
12/09/2017,Kloulklubed,7.04,134.26,84.13,79,90,4.54
12/09/2017,Namtsy,62.72,129.67,-32.47,57,0,4.38
12/09/2017,Mandalgovi,45.76,106.27,22.44,68,0,13.15
12/09/2017,Seminole,27.84,-82.79,64.89,93,90,6.93
12/09/2017,Tuatapere,-46.13,167.68,62.31,78,0,15.28
12/09/2017,Najran,17.49,44.13,53.6,45,5,4.7
12/09/2017,Longyearbyen,78.22,15.64,28.4,74,40,20.8
12/09/2017,Grindavik,63.84,-22.43,28.4,92,75,3.36
12/09/2017,Camocim,-2.9,-40.84,75.94,90,76,6.29
12/09/2017,Touros,-5.2,-35.46,77.7,94,92,7.07
12/09/2017,Mar del Plata,-38.0,-57.56,60.8,87,0,6.93
12/09/2017,Chinsali,-10.54,32.08,70.18,84,36,9.91
12/09/2017,Juneau,58.3,-134.42,44.6,100,90,10.29
12/09/2017,Shelburne,44.08,-80.2,29.08,68,90,5.82
12/09/2017,Northam,51.03,-4.22,32.09,92,0,4.7
12/09/2017,Lumeje,-11.55,20.78,67.39,100,92,4.32
12/09/2017,Jiayuguan,39.82,98.3,25.14,50,0,2.98
12/09/2017,Zhigansk,66.77,123.37,-33.1,60,12,4.76
12/09/2017,Jutai,-5.18,-68.9,75.94,95,24,2.75
12/09/2017,Lerwick,60.15,-1.15,34.7,59,44,21.92
12/09/2017,Port Elizabeth,-33.92,25.57,69.8,77,40,42.5
12/09/2017,Machinga,-15.17,35.3,71.6,83,75,6.93
12/09/2017,Paramirim,-13.44,-42.24,67.66,98,88,5.28
12/09/2017,Adrar,27.87,-0.29,41.0,92,0,6.93
12/09/2017,Naze,28.37,129.48,59.0,62,75,10.29
12/09/2017,Kerman,30.28,57.08,44.6,30,0,3.87
12/09/2017,La Paz,-16.5,-68.15,42.8,81,75,4.7
12/09/2017,Terra Roxa,-23.86,-50.03,63.75,94,32,5.73
12/09/2017,Belle Glade,26.68,-80.67,75.2,94,40,9.17
12/09/2017,Bar-le-Duc,48.78,5.17,31.03,98,90,3.36
12/09/2017,Carnarvon,-24.87,113.63,79.09,82,8,14.05
12/09/2017,Takoradi,4.88,-1.76,77.74,100,24,7.07
12/09/2017,Oda,35.18,132.5,44.6,100,75,4.7
12/09/2017,Mudbidri,13.08,74.98,87.8,62,40,6.93
12/09/2017,Manokwari,-0.87,134.08,80.67,100,88,3.76
12/09/2017,Buala,-8.14,159.59,85.84,81,100,7.74
12/09/2017,Sahuaripa,29.05,-109.23,51.01,29,0,4.76
12/09/2017,Kieta,-6.22,155.63,78.91,100,92,4.61
12/09/2017,Saldanha,-33.01,17.94,71.6,56,0,20.8
12/09/2017,Norman Wells,65.28,-126.83,17.6,92,75,2.24
12/09/2017,Mirnyy,62.54,113.96,-23.24,68,36,4.76
12/09/2017,Guilin,25.28,110.29,62.6,25,0,4.47
12/09/2017,Portland,45.52,-122.68,32.23,69,1,8.05
12/09/2017,Vardo,70.37,31.11,29.73,100,80,27.36
12/09/2017,Vieste,41.88,16.18,56.01,100,56,21.43
12/09/2017,Saint-Pierre,-21.34,55.48,80.15,54,8,9.17
12/09/2017,Rawson,-43.3,-65.1,63.39,64,8,17.81
12/09/2017,Akropong,5.97,-0.09,77.0,83,0,10.29
12/09/2017,Mount Isa,-20.73,139.5,102.2,12,0,13.87
12/09/2017,Bonavista,48.65,-53.11,32.52,100,76,15.35
12/09/2017,Cataingan,12.0,123.99,84.54,97,24,7.0
12/09/2017,Winkler,49.18,-97.94,19.4,79,1,13.87
12/09/2017,Misratah,32.38,15.09,50.16,100,8,7.63
12/09/2017,Nemuro,43.32,145.57,21.2,53,20,5.82
12/09/2017,Abeche,13.83,20.83,65.28,32,8,14.94
12/09/2017,Dunedin,-45.87,170.5,73.51,48,88,8.23
12/09/2017,Katy,29.79,-95.82,31.8,100,1,3.49
12/09/2017,Tarbagatay,51.48,107.36,15.8,61,75,22.37
12/09/2017,Inirida,3.87,-67.92,75.76,90,44,2.48
12/09/2017,Wabana,47.63,-52.95,32.0,100,75,10.29
12/09/2017,Zeya,53.75,127.27,-16.04,67,36,2.86
12/09/2017,Boyolangu,-8.12,111.89,84.45,93,8,9.91
12/09/2017,Opuwo,-18.06,13.84,65.68,88,12,5.5
12/09/2017,Caravelas,-17.71,-39.25,75.58,100,92,25.41
12/09/2017,Sao Joao da Barra,-21.64,-41.05,72.79,100,88,19.19
12/09/2017,Izhma,65.01,53.91,15.42,91,68,2.82
12/09/2017,Nago,26.59,127.98,63.43,52,90,10.29
12/09/2017,Zipaquira,5.02,-74.0,51.8,93,75,1.48
12/09/2017,Batemans Bay,-35.72,150.18,72.93,63,24,4.32
12/09/2017,Port Hardy,50.7,-127.42,46.4,73,40,3.36
12/09/2017,Labuhan,-6.88,112.21,84.04,100,68,6.06
12/09/2017,Port Macquarie,-31.43,152.92,71.6,60,0,11.41
12/09/2017,Surt,31.21,16.59,49.89,100,20,4.54
12/09/2017,Sovetskiy,61.36,63.58,19.47,85,88,4.99
12/09/2017,Kadiri,14.12,78.17,85.48,45,0,4.5
12/09/2017,Langsa,4.47,97.97,80.31,85,48,2.59
12/09/2017,Pevek,69.7,170.31,9.66,84,44,10.92
12/09/2017,Presidencia Roque Saenz Pena,-26.79,-60.44,77.61,54,0,5.1
12/09/2017,Pandan,14.05,124.17,82.2,100,48,3.2
12/09/2017,Souillac,-20.52,57.52,82.4,65,40,12.75
12/09/2017,Torbay,47.67,-52.73,32.0,100,75,10.29
12/09/2017,Severobaykalsk,55.65,109.32,-5.47,62,0,3.76
12/09/2017,Barra Patuca,15.8,-84.28,79.32,96,92,3.83
12/09/2017,Guryevsk,54.28,85.93,20.23,72,0,3.38
12/09/2017,General Pico,-35.66,-63.76,64.96,39,0,6.4
12/09/2017,El Rosario,24.26,-107.18,74.01,100,0,5.84
12/09/2017,Coihaique,-45.58,-72.07,47.91,71,90,4.7
12/09/2017,Camacha,33.08,-16.33,63.61,67,20,9.17
12/09/2017,Komsomolskiy,40.43,71.72,44.6,48,48,4.7
12/09/2017,Hirara,24.8,125.28,66.2,63,75,11.41
12/09/2017,Santiago,-33.46,-70.65,55.4,71,0,5.82
12/09/2017,Toora-Khem,52.47,96.11,7.86,65,8,2.08
12/09/2017,Narsaq,60.92,-46.05,42.8,38,92,42.5
12/09/2017,Fagersta,60.0,15.79,34.83,97,0,8.05
12/09/2017,Nipawin,53.37,-104.0,14.0,92,1,5.82
12/09/2017,Gizo,-8.1,156.84,85.26,100,24,6.85
12/09/2017,Half Moon Bay,37.46,-122.43,45.97,58,1,4.09
12/09/2017,Arlit,18.74,7.39,53.58,53,56,2.98
12/09/2017,Castelldefels,41.28,1.97,39.72,75,75,10.29
12/09/2017,Atar,20.52,-13.05,55.38,40,8,15.05
12/09/2017,Aripuana,-9.17,-60.63,77.29,94,24,1.7
12/09/2017,Santa Cruz de la Palma,28.68,-17.76,64.4,68,40,9.17
12/09/2017,Santiago del Estero,-27.8,-64.26,72.66,86,0,3.6
12/09/2017,Mana,5.66,-53.78,75.81,94,76,2.86
12/09/2017,Katsuura,35.13,140.3,50.0,43,20,5.82
12/09/2017,Taltal,-25.4,-70.48,49.8,83,0,1.03
12/09/2017,Broken Hill,-31.95,141.43,77.56,38,0,11.92
12/09/2017,Chapais,49.78,-74.85,1.4,77,40,8.05
12/09/2017,Porto Santo,33.07,-16.34,63.61,67,20,9.17
12/09/2017,Guangyuan,32.44,105.82,43.05,71,76,2.82
12/09/2017,Zambezi,-13.54,23.1,66.45,98,92,9.24
12/09/2017,Aykhal,66.0,111.5,-29.72,47,32,4.83
12/09/2017,Buchanan,5.88,-10.05,78.91,100,0,5.55
12/09/2017,Srednekolymsk,67.45,153.68,-8.21,65,68,3.6
12/09/2017,Alexandria,31.22,29.96,56.97,72,40,2.24
12/09/2017,Hualmay,-11.1,-77.61,57.13,95,48,3.83
12/09/2017,Nortelandia,-14.45,-56.8,72.79,96,32,2.75
12/09/2017,Yenagoa,4.92,6.26,74.1,92,0,4.09
12/09/2017,Pangnirtung,66.15,-65.71,20.1,93,80,5.73
12/09/2017,Seoul,37.57,126.98,39.24,55,75,2.24
12/09/2017,Ocos,14.51,-92.19,73.4,94,40,3.27
12/09/2017,Nelson Bay,-32.72,152.15,71.6,60,0,10.29
12/09/2017,Syracuse,43.05,-76.15,24.73,58,75,8.05
12/09/2017,Sokol,59.46,40.12,19.33,89,80,13.44
12/09/2017,Tecoanapa,16.52,-98.75,62.04,100,0,3.04
12/09/2017,Buenos Aires,-34.61,-58.38,71.51,60,0,5.82
12/09/2017,Trairi,-3.28,-39.27,78.73,100,92,11.43
12/09/2017,Bhag,29.04,67.82,64.96,53,20,4.32
12/09/2017,Davila,18.47,120.58,86.0,55,75,6.93
12/09/2017,Tukan,53.84,57.46,17.89,81,88,8.01
12/09/2017,Kasangulu,-4.59,15.17,71.6,94,40,2.37
12/09/2017,Okhotsk,59.38,143.3,9.34,100,80,6.11
12/09/2017,Panaba,21.28,-88.27,71.22,98,88,8.63
12/09/2017,Requena,39.49,-1.1,51.8,76,0,9.17
12/09/2017,Porto Novo,17.02,-25.06,73.4,73,75,10.29
12/09/2017,Grand Gaube,-20.01,57.66,82.4,65,40,12.75
12/09/2017,Zyryanka,65.75,150.85,-8.62,66,68,4.27
12/09/2017,Dalbandin,28.89,64.41,53.26,56,0,6.33
12/09/2017,Morant Bay,17.88,-76.41,80.6,83,40,13.87
12/09/2017,Beaverlodge,55.22,-119.44,39.2,44,5,9.17
12/09/2017,Palmer,42.16,-72.33,31.69,60,90,2.37
12/09/2017,Nkongsamba,4.95,9.94,71.76,98,88,0.47
12/09/2017,Tessalit,20.2,1.01,43.81,48,0,4.21
12/09/2017,Alyangula,-13.85,136.42,89.85,82,0,14.61
12/09/2017,Azanka,58.04,64.79,19.24,81,80,5.5
12/09/2017,Maniitsoq,65.42,-52.9,35.31,86,88,11.81
12/09/2017,Batsfjord,70.63,29.72,32.25,100,80,29.66
12/09/2017,Manjacaze,-24.71,33.88,76.93,69,0,2.59
12/09/2017,Guerrero Negro,27.98,-114.06,60.96,55,8,13.27
12/09/2017,Weihai,37.5,122.11,45.3,100,56,17.58
12/09/2017,Qaracala,39.81,48.95,46.02,100,0,6.22
12/09/2017,Plettenberg Bay,-34.05,23.37,64.47,95,92,20.65
12/09/2017,Wolsztyn,52.12,16.12,29.23,86,40,14.99
12/09/2017,Pisco,-13.7,-76.22,64.4,88,0,10.29
12/09/2017,Alice Springs,-23.7,133.88,91.4,11,0,12.75
12/09/2017,Kembe,4.62,21.89,74.19,61,0,8.63
12/09/2017,Barbate,36.19,-5.94,55.06,67,40,12.75
12/09/2017,Ancud,-41.87,-73.82,44.31,84,12,3.27
12/09/2017,Kazuno,40.18,140.79,29.37,86,75,23.04
12/09/2017,Iracoubo,5.48,-53.2,76.35,92,92,4.05
12/09/2017,Tigzirt,36.89,4.12,40.17,92,100,2.59
12/09/2017,Koraput,18.82,82.72,80.08,42,0,10.87
12/09/2017,Goya,-29.14,-59.26,73.56,53,12,4.21
12/09/2017,Lima,-12.04,-77.03,59.38,62,68,1.74
12/09/2017,Marathon,24.71,-81.09,78.8,83,1,8.05
12/09/2017,Beringovskiy,63.05,179.32,23.56,100,80,16.62
12/09/2017,Aksu,41.12,80.26,29.23,59,20,3.09
12/09/2017,Cooma,-36.23,149.13,67.89,63,0,4.88
12/09/2017,Moville,42.49,-96.07,28.85,86,1,13.87
12/09/2017,Balingasay,16.36,119.86,84.0,92,8,5.39
12/09/2017,Praia,14.92,-23.51,73.4,73,40,12.75
12/09/2017,Del Rio,29.36,-100.9,37.4,83,1,10.29
12/09/2017,Sorland,67.67,12.69,35.6,64,40,21.92
12/09/2017,Chicama,-7.84,-79.15,64.4,88,75,8.05
12/09/2017,Nantucket,41.28,-70.1,36.7,55,90,7.34
12/09/2017,Kapit,2.02,112.93,81.21,82,88,2.71
12/09/2017,Karratha,-20.74,116.85,100.78,30,0,11.14
12/09/2017,Saint George,37.1,-113.58,44.6,26,1,3.36
12/09/2017,Igrim,63.19,64.42,21.63,87,88,3.49
12/09/2017,Walvis Bay,-22.96,14.51,59.0,87,90,5.82
12/09/2017,Topsham,43.93,-69.98,29.12,68,1,5.39
12/09/2017,Jumla,29.27,82.18,41.16,65,0,1.97
12/09/2017,Sola,-13.88,167.55,83.59,94,56,3.31
12/09/2017,Sabha,27.04,14.43,37.2,82,88,2.86
12/09/2017,Aloleng,16.13,119.78,84.0,92,8,5.39
12/09/2017,Qitaihe,45.8,130.85,10.2,72,36,1.74
12/09/2017,Calamar,10.25,-74.91,75.2,94,40,4.7
12/09/2017,Acajutla,13.59,-89.83,78.8,100,0,6.93
12/09/2017,Luanda,-8.84,13.23,78.8,83,75,3.36
12/09/2017,Amilly,47.97,2.77,30.45,93,20,9.57
12/09/2017,Naryan-Mar,67.67,53.09,20.68,90,80,13.04
12/09/2017,Sheridan,44.8,-106.96,38.77,47,1,12.75
12/09/2017,Kemi,65.74,24.56,32.0,91,90,13.87
12/09/2017,Lerik,38.77,48.41,33.19,78,0,4.7
12/09/2017,Rovenki,48.08,39.38,32.34,96,88,8.86
12/09/2017,Cochrane,51.18,-114.47,36.86,54,75,12.75
12/09/2017,Rosario,-32.95,-60.64,68.0,72,0,5.82
12/09/2017,Gorele,41.03,39.0,55.4,54,0,2.24
12/09/2017,Hermiston,45.84,-119.29,29.59,92,90,6.93
12/09/2017,Charagua,-19.8,-63.22,72.48,89,24,2.98
12/09/2017,Xichang,27.9,102.26,54.39,50,0,1.81
12/09/2017,Miranda,3.25,-76.23,69.8,94,75,5.82
12/09/2017,Erzin,36.96,36.2,46.44,75,0,3.6
12/09/2017,Byron Bay,-28.65,153.62,71.6,88,90,10.29
12/09/2017,Isangel,-19.55,169.27,78.69,100,0,9.91
12/09/2017,Hollins,37.34,-79.94,29.8,89,90,2.53
12/09/2017,Nova Serrana,-19.88,-44.98,65.23,99,44,2.98
12/09/2017,Filadelfia,-22.35,-60.03,76.98,86,44,6.33
12/09/2017,Ortigueira,-24.21,-50.95,67.08,91,8,2.86
12/09/2017,Diego de Almagro,-26.37,-70.05,51.28,67,0,1.25
12/09/2017,Gueret,46.17,1.87,28.4,100,90,3.36
12/09/2017,Xuddur,4.12,43.89,73.65,52,0,13.6
12/09/2017,Mareeba,-17.0,145.43,86.0,58,0,16.11
12/09/2017,Sassandra,4.95,-6.08,75.2,100,68,4.7
12/09/2017,Lata,40.16,-8.33,59.0,100,90,8.05
12/09/2017,Ulety,51.36,112.48,8.98,38,48,15.17
12/09/2017,Santa Cruz Cabralia,-16.28,-39.02,77.0,94,75,10.29
12/09/2017,Svetlogorsk,52.63,29.73,30.54,98,68,9.64
12/09/2017,Cayhagan,9.67,122.43,83.68,95,8,7.56
12/09/2017,Msanga,-6.05,36.03,73.4,78,75,11.41
12/09/2017,Libano,4.92,-75.06,62.4,91,32,2.75
12/09/2017,Rio Grande,-32.03,-52.1,64.2,96,0,10.31
12/09/2017,Whitehorse,60.72,-135.05,37.4,79,75,14.99
12/09/2017,Sinnamary,5.38,-52.95,77.16,100,64,7.34
12/09/2017,Nuuk,64.18,-51.72,35.6,92,88,11.41
12/09/2017,San Patricio,19.22,-104.7,62.44,100,24,2.08
12/09/2017,Ozernovskiy,51.5,156.52,29.73,95,48,9.13
12/09/2017,La Mana,-0.93,-79.22,59.52,100,56,1.7
12/09/2017,Korla,41.76,86.15,25.23,75,36,4.27
12/09/2017,Gilbues,-9.83,-45.34,70.99,99,92,3.27
12/09/2017,Muscat,23.61,58.59,77.0,44,75,8.05
12/09/2017,Iberia,-11.35,-69.58,74.64,96,20,0.58
12/09/2017,Den Helder,52.96,4.76,42.8,70,90,17.22
12/09/2017,Tateyama,34.98,139.87,52.07,43,20,5.82
12/09/2017,Carballo,43.21,-8.69,50.0,100,75,3.36
12/09/2017,Bandar-e Lengeh,26.56,54.88,69.8,52,0,6.93
12/09/2017,Kedrovyy,56.17,91.82,8.6,92,75,2.24
12/09/2017,Artvin,41.17,41.83,48.2,66,0,14.99
12/09/2017,Olinda,-8.01,-34.86,77.0,83,40,6.93
12/09/2017,Stromness,58.97,-3.3,33.64,69,40,20.8
12/09/2017,Lakes Entrance,-37.88,147.98,70.54,69,0,11.03
12/09/2017,Christchurch,-43.53,172.63,75.2,47,48,9.17
12/09/2017,Mbekenyera,-10.0,38.98,78.51,75,24,3.27
12/09/2017,Honiara,-9.43,159.95,82.4,83,90,6.93
12/09/2017,Necochea,-38.55,-58.74,64.47,95,64,8.63
12/09/2017,Egvekinot,66.32,-179.17,15.6,87,76,6.89
12/09/2017,Atasu,48.68,71.64,28.47,94,80,21.05
12/09/2017,Alta Floresta,-9.88,-56.09,72.75,100,64,2.37
12/09/2017,Yurga,55.72,84.89,11.64,82,0,3.27
12/09/2017,Nome,64.5,-165.41,1.4,91,1,2.19
12/09/2017,Thinadhoo,0.53,72.93,82.24,100,80,9.75
12/09/2017,Mogadishu,2.04,45.34,89.6,43,0,24.16
12/09/2017,Monrovia,6.3,-10.8,82.11,100,20,8.63
12/09/2017,Kyaikto,17.3,97.02,78.51,94,76,2.08
12/09/2017,Kalmar,56.66,16.36,37.4,93,75,11.41
12/09/2017,Silifke,36.38,33.93,39.49,100,76,3.38
12/09/2017,Maturin,9.75,-63.18,74.68,97,92,4.88
12/09/2017,Mirzapur,25.15,82.58,70.5,83,0,4.5
12/09/2017,Boguchany,58.38,97.45,14.29,61,88,5.1
12/09/2017,Sungaipenuh,-2.08,101.38,72.03,88,92,1.07
12/09/2017,Sangar,63.92,127.47,-30.13,49,0,1.7
12/09/2017,Trencin,48.89,18.04,32.85,80,75,6.93
12/09/2017,Gerardmer,48.07,6.88,28.4,92,75,4.7
12/09/2017,Carmo do Rio Claro,-20.97,-46.12,63.93,100,64,2.75
12/09/2017,Macrohon,10.08,124.94,84.54,81,36,3.38
12/09/2017,Rongai,-0.17,35.86,61.54,77,12,3.76
12/09/2017,Yauya,-8.98,-77.3,39.76,96,8,1.86
12/09/2017,Cayenne,4.93,-52.33,77.0,88,76,2.24
